YoutubeLink,Price,Location,PropertyType,Area(Sqft),LastUpdated,ThumbnailLink,Coordinates,YoutubeID,Typo
https://www.youtube.com/watch?v=dummy000,15227875,Indiranagar,3BHK,1750,2024-03-25,https://img.youtube.com/vi/dummy000/hqdefault.jpg,"12.967200,77.638200",6TOusZsEbQo,house
https://www.youtube.com/watch?v=dummy001,9381990,Koramangala,2BHK,1200,2024-03-26,https://img.youtube.com/vi/dummy001/hqdefault.jpg,"12.931200,77.624200",6TOusZsEbQo,apartment
https://www.youtube.com/watch?v=dummy002,18500000,HSR Layout,3BHK,1800,2024-03-25,https://img.youtube.com/vi/dummy002/hqdefault.jpg,"12.914700,77.641200",6TOusZsEbQo,apartment
https://www.youtube.com/watch?v=dummy003,13187499,Indiranagar,2BHK,2193,2025-03-25,https://img.youtube.com/vi/dummy003/hqdefault.jpg,"12.975800,77.639200",6TOusZsEbQo,house
https://www.youtube.com/watch?v=dummy004,9337951,HSR Layout,1BHK,1632,2024-12-26,https://img.youtube.com/vi/dummy004/hqdefault.jpg,"12.911600,77.648200",6TOusZsEbQo,apartment
https://www.youtube.com/watch?v=dummy005,14797526,Jayanagar,3BHK,1621,2025-02-21,https://img.youtube.com/vi/dummy005/hqdefault.jpg,"12.931200,77.581200",6TOusZsEbQo,apartment
https://www.youtube.com/watch?v=dummy006,13246390,Indiranagar,3BHK,1521,2025-06-03,https://img.youtube.com/vi/dummy006/hqdefault.jpg,"12.981200,77.642200",6TOusZsEbQo,Plot
https://www.youtube.com/watch?v=dummy007,21645999,Electronic City,2BHK,1091,2025-04-09,https://img.youtube.com/vi/dummy007/hqdefault.jpg,"12.851200,77.711200",6TOusZsEbQo,house
https://www.youtube.com/watch?v=dummy008,7920705,Whitefield,2BHK,2485,2025-04-08,https://img.youtube.com/vi/dummy008/hqdefault.jpg,"12.971200,77.731200",6TOusZsEbQo,Plot
https://www.youtube.com/watch?v=dummy009,15292049,Hebbal,3BHK,1638,2025-01-18,https://img.youtube.com/vi/dummy009/hqdefault.jpg,"13.041200,77.601200",6TOusZsEbQo,apartment
https://www.youtube.com/watch?v=dummy010,23443202,Electronic City,1BHK,825,2025-05-11,https://img.youtube.com/vi/dummy010/hqdefault.jpg,"12.858200,77.716200",6TOusZsEbQo,Plot
https://www.youtube.com/watch?v=dummy011,7678500,Indiranagar,2BHK,522,2025-03-28,https://img.youtube.com/vi/dummy011/hqdefault.jpg,"12.972200,77.640200",6TOusZsEbQo,apartment
https://www.youtube.com/watch?v=dummy012,24397625,Whitefield,2BHK,1224,2025-05-23,https://img.youtube.com/vi/dummy012/hqdefault.jpg,"12.974200,77.733200",6TOusZsEbQo,Plot
https://www.youtube.com/watch?v=dummy013,10297504,Koramangala,1BHK,2136,2025-03-16,https://img.youtube.com/vi/dummy013/hqdefault.jpg,"12.934200,77.627200",6TOusZsEbQo,Plot
https://www.youtube.com/watch?v=dummy014,24472209,Whitefield,3BHK,814,2025-03-05,https://img.youtube.com/vi/dummy014/hqdefault.jpg,"12.977200,77.735200",6TOusZsEbQo,Plot
https://www.youtube.com/watch?v=dummy015,11533783,Jayanagar,2BHK,631,2025-04-08,https://img.youtube.com/vi/dummy015/hqdefault.jpg,"12.933200,77.583200",6TOusZsEbQo,house
https://www.youtube.com/watch?v=dummy016,22788973,Electronic City,2BHK,2308,2025-04-08,https://img.youtube.com/vi/dummy016/hqdefault.jpg,"12.891082,77.728990",6TOusZsEbQo,Plot
https://www.youtube.com/watch?v=dummy017,16711765,Electronic City,2BHK,1812,2024-12-25,https://img.youtube.com/vi/dummy017/hqdefault.jpg,"12.907188,77.516071",6TOusZsEbQo,apartment
https://www.youtube.com/watch?v=dummy018,17064050,Electronic City,3BHK,1578,2025-01-17,https://img.youtube.com/vi/dummy018/hqdefault.jpg,"12.963927,77.630504",6TOusZsEbQo,Plot
https://www.youtube.com/watch?v=dummy019,11983037,Hebbal,3BHK,2271,2025-01-09,https://img.youtube.com/vi/dummy019/hqdefault.jpg,"12.802083,77.607502",6TOusZsEbQo,apartment
https://www.youtube.com/watch?v=dummy020,11924911,Jayanagar,3BHK,2188,2025-02-24,https://img.youtube.com/vi/dummy020/hqdefault.jpg,"12.964802,77.673903",6TOusZsEbQo,Plot
https://www.youtube.com/watch?v=dummy021,22345245,Koramangala,1BHK,2224,2025-03-21,https://img.youtube.com/vi/dummy021/hqdefault.jpg,"12.832748,77.629210",6TOusZsEbQo,house
https://www.youtube.com/watch?v=dummy022,20484054,Indiranagar,1BHK,509,2025-03-08,https://img.youtube.com/vi/dummy022/hqdefault.jpg,"12.978763,77.537320",6TOusZsEbQo,house
https://www.youtube.com/watch?v=dummy023,17745818,HSR Layout,3BHK,894,2025-04-03,https://img.youtube.com/vi/dummy023/hqdefault.jpg,"12.998434,77.629178",6TOusZsEbQo,house
https://www.youtube.com/watch?v=dummy024,5288211,HSR Layout,1BHK,2466,2025-04-26,https://img.youtube.com/vi/dummy024/hqdefault.jpg,"12.827494,77.509162",6TOusZsEbQo,house
https://www.youtube.com/watch?v=dummy025,7374593,Indiranagar,3BHK,1803,2025-04-22,https://img.youtube.com/vi/dummy025/hqdefault.jpg,"12.986863,77.619856",6TOusZsEbQo,Plot
https://www.youtube.com/watch?v=dummy026,5242142,Whitefield,1BHK,714,2024-12-20,https://img.youtube.com/vi/dummy026/hqdefault.jpg,"12.932444,77.613832",6TOusZsEbQo,Plot
https://www.youtube.com/watch?v=dummy027,21707242,Hebbal,1BHK,1856,2025-01-31,https://img.youtube.com/vi/dummy027/hqdefault.jpg,"12.890689,77.501242",6TOusZsEbQo,Plot
https://www.youtube.com/watch?v=dummy028,18435548,Whitefield,1BHK,1414,2025-03-21,https://img.youtube.com/vi/dummy028/hqdefault.jpg,"12.943643,77.586691",6TOusZsEbQo,Plot
https://www.youtube.com/watch?v=dummy029,18774538,Koramangala,1BHK,1691,2025-01-12,https://img.youtube.com/vi/dummy029/hqdefault.jpg,"12.846829,77.734388",6TOusZsEbQo,house
https://www.youtube.com/watch?v=dummy030,10492875,Whitefield,1BHK,2249,2025-01-31,https://img.youtube.com/vi/dummy030/hqdefault.jpg,"13.047543,77.790641",6TOusZsEbQo,apartment
https://www.youtube.com/watch?v=dummy031,21943393,HSR Layout,1BHK,574,2025-03-18,https://img.youtube.com/vi/dummy031/hqdefault.jpg,"12.980229,77.667065",6TOusZsEbQo,Plot
https://www.youtube.com/watch?v=dummy032,20677139,Jayanagar,2BHK,2224,2024-12-11,https://img.youtube.com/vi/dummy032/hqdefault.jpg,"12.824961,77.501486",6TOusZsEbQo,Plot
https://www.youtube.com/watch?v=dummy033,8490767,Koramangala,2BHK,1605,2025-05-27,https://img.youtube.com/vi/dummy033/hqdefault.jpg,"12.825450,77.639571",6TOusZsEbQo,Plot
https://www.youtube.com/watch?v=dummy034,24350332,Jayanagar,3BHK,2319,2025-05-18,https://img.youtube.com/vi/dummy034/hqdefault.jpg,"12.821510,77.788740",6TOusZsEbQo,Plot
https://www.youtube.com/watch?v=dummy035,5102427,Jayanagar,3BHK,952,2024-12-17,https://img.youtube.com/vi/dummy035/hqdefault.jpg,"12.956938,77.681876",6TOusZsEbQo,house
https://www.youtube.com/watch?v=dummy036,15032863,Jayanagar,2BHK,614,2025-01-25,https://img.youtube.com/vi/dummy036/hqdefault.jpg,"13.040053,77.717907",6TOusZsEbQo,Plot
https://www.youtube.com/watch?v=dummy037,23315344,Jayanagar,1BHK,861,2025-02-15,https://img.youtube.com/vi/dummy037/hqdefault.jpg,"13.082984,77.787060",6TOusZsEbQo,house
https://www.youtube.com/watch?v=dummy038,23681566,Koramangala,1BHK,1343,2025-01-13,https://img.youtube.com/vi/dummy038/hqdefault.jpg,"13.036162,77.582370",6TOusZsEbQo,Plot
https://www.youtube.com/watch?v=dummy039,11857438,Hebbal,1BHK,695,2025-03-26,https://img.youtube.com/vi/dummy039/hqdefault.jpg,"13.009844,77.786836",6TOusZsEbQo,house
https://www.youtube.com/watch?v=dummy040,22146682,HSR Layout,2BHK,2414,2025-04-23,https://img.youtube.com/vi/dummy040/hqdefault.jpg,"12.958820,77.661914",6TOusZsEbQo,Plot
https://www.youtube.com/watch?v=dummy041,20212831,Indiranagar,3BHK,944,2025-05-26,https://img.youtube.com/vi/dummy041/hqdefault.jpg,"13.022727,77.556709",6TOusZsEbQo,apartment
https://www.youtube.com/watch?v=dummy042,23304259,Indiranagar,2BHK,507,2025-04-23,https://img.youtube.com/vi/dummy042/hqdefault.jpg,"13.018321,77.653255",6TOusZsEbQo,apartment
https://www.youtube.com/watch?v=dummy043,19939742,Koramangala,1BHK,587,2025-05-28,https://img.youtube.com/vi/dummy043/hqdefault.jpg,"13.014246,77.554727",6TOusZsEbQo,apartment
https://www.youtube.com/watch?v=dummy044,7515923,Indiranagar,3BHK,1302,2025-04-20,https://img.youtube.com/vi/dummy044/hqdefault.jpg,"12.932305,77.703370",6TOusZsEbQo,apartment
https://www.youtube.com/watch?v=dummy045,10107951,Jayanagar,1BHK,961,2025-02-25,https://img.youtube.com/vi/dummy045/hqdefault.jpg,"12.824656,77.614311",6TOusZsEbQo,Plot
https://www.youtube.com/watch?v=dummy046,8051970,Koramangala,3BHK,2230,2025-05-09,https://img.youtube.com/vi/dummy046/hqdefault.jpg,"12.989438,77.771371",6TOusZsEbQo,apartment
https://www.youtube.com/watch?v=dummy047,18285433,Hebbal,1BHK,1757,2025-05-26,https://img.youtube.com/vi/dummy047/hqdefault.jpg,"12.898448,77.606214",6TOusZsEbQo,house
https://www.youtube.com/watch?v=dummy048,4811402,Whitefield,1BHK,2106,2024-12-08,https://img.youtube.com/vi/dummy048/hqdefault.jpg,"12.966221,77.590280",6TOusZsEbQo,apartment
https://www.youtube.com/watch?v=dummy049,16069064,Hebbal,3BHK,1021,2025-05-28,https://img.youtube.com/vi/dummy049/hqdefault.jpg,"13.095310,77.649534",6TOusZsEbQo,apartment
https://www.youtube.com/watch?v=dummy050,17406895,Whitefield,2BHK,2382,2025-05-30,https://img.youtube.com/vi/dummy050/hqdefault.jpg,"12.837223,77.687775",6TOusZsEbQo,house
https://www.youtube.com/watch?v=dummy051,12500000,Whitefield,2BHK,1350,2024-03-28,https://img.youtube.com/vi/dummy051/hqdefault.jpg,"12.969800,77.750000",6TOusZsEbQo,Plot
https://www.youtube.com/watch?v=dummy052,21000000,Richmond Town,4BHK,2200,2024-03-28,https://img.youtube.com/vi/dummy052/hqdefault.jpg,"12.966700,77.609500",6TOusZsEbQo,house
https://www.youtube.com/watch?v=dummy053,15227875,Indiranagar,3BHK,1750,2024-03-25,https://img.youtube.com/vi/dummy053/hqdefault.jpg,"12.969800,77.649800",6TOusZsEbQo,apartment
https://www.youtube.com/watch?v=dummy054,9381990,Koramangala,2BHK,1200,2024-03-26,https://img.youtube.com/vi/dummy054/hqdefault.jpg,"12.935200,77.624500",6TOusZsEbQo,Plot
https://www.youtube.com/watch?v=dummy055,18500000,HSR Layout,3BHK,1800,2024-03-25,https://img.youtube.com/vi/dummy055/hqdefault.jpg,"12.914700,77.649700",6TOusZsEbQo,house
https://www.youtube.com/watch?v=dummy056,13187499,Indiranagar,2BHK,2193,2025-03-25,https://img.youtube.com/vi/dummy056/hqdefault.jpg,"13.035808,77.554432",6TOusZsEbQo,house
https://www.youtube.com/watch?v=dummy057,9337951,HSR Layout,1BHK,1632,2024-12-26,https://img.youtube.com/vi/dummy057/hqdefault.jpg,"13.011622,77.621213",6TOusZsEbQo,Plot
https://www.youtube.com/watch?v=dummy058,14797526,Jayanagar,3BHK,1621,2025-02-21,https://img.youtube.com/vi/dummy058/hqdefault.jpg,"12.851129,77.627321",6TOusZsEbQo,house
https://www.youtube.com/watch?v=dummy059,13246390,Indiranagar,3BHK,1521,2025-06-03,https://img.youtube.com/vi/dummy059/hqdefault.jpg,"12.905708,77.765635",6TOusZsEbQo,house
https://www.youtube.com/watch?v=dummy060,21645999,Electronic City,2BHK,1091,2025-04-09,https://img.youtube.com/vi/dummy060/hqdefault.jpg,"12.845348,77.541532",6TOusZsEbQo,house
https://www.youtube.com/watch?v=dummy061,7920705,Whitefield,2BHK,2485,2025-04-08,https://img.youtube.com/vi/dummy061/hqdefault.jpg,"13.004700,77.706005",6TOusZsEbQo,apartment
https://www.youtube.com/watch?v=dummy062,15292049,Hebbal,3BHK,1638,2025-01-18,https://img.youtube.com/vi/dummy062/hqdefault.jpg,"12.844830,77.623002",6TOusZsEbQo,apartment
https://www.youtube.com/watch?v=dummy063,23443202,Electronic City,1BHK,825,2025-05-11,https://img.youtube.com/vi/dummy063/hqdefault.jpg,"12.950229,77.783031",6TOusZsEbQo,apartment
https://www.youtube.com/watch?v=dummy064,7678500,Indiranagar,2BHK,522,2025-03-28,https://img.youtube.com/vi/dummy064/hqdefault.jpg,"12.957489,77.603220",6TOusZsEbQo,Plot
https://www.youtube.com/watch?v=dummy065,24397625,Whitefield,2BHK,1224,2025-05-23,https://img.youtube.com/vi/dummy065/hqdefault.jpg,"12.989674,77.566305",6TOusZsEbQo,Plot
https://www.youtube.com/watch?v=dummy066,10297504,Koramangala,1BHK,2136,2025-03-16,https://img.youtube.com/vi/dummy066/hqdefault.jpg,"12.943308,77.558699",6TOusZsEbQo,house
https://www.youtube.com/watch?v=dummy067,24472209,Whitefield,3BHK,814,2025-03-05,https://img.youtube.com/vi/dummy067/hqdefault.jpg,"12.930683,77.560806",6TOusZsEbQo,house
https://www.youtube.com/watch?v=dummy068,11533783,Jayanagar,2BHK,631,2025-04-08,https://img.youtube.com/vi/dummy068/hqdefault.jpg,"12.953117,77.510069",6TOusZsEbQo,house
https://www.youtube.com/watch?v=dummy069,22788973,Electronic City,2BHK,2308,2025-04-08,https://img.youtube.com/vi/dummy069/hqdefault.jpg,"12.893565,77.730127",6TOusZsEbQo,house
https://www.youtube.com/watch?v=dummy070,16711765,Electronic City,2BHK,1812,2024-12-25,https://img.youtube.com/vi/dummy070/hqdefault.jpg,"12.904810,77.517497",6TOusZsEbQo,apartment
https://www.youtube.com/watch?v=dummy071,17064050,Electronic City,3BHK,1578,2025-01-17,https://img.youtube.com/vi/dummy071/hqdefault.jpg,"12.967049,77.630297",6TOusZsEbQo,apartment
https://www.youtube.com/watch?v=dummy072,11983037,Hebbal,3BHK,2271,2025-01-09,https://img.youtube.com/vi/dummy072/hqdefault.jpg,"12.800841,77.604563",6TOusZsEbQo,apartment
https://www.youtube.com/watch?v=dummy073,11924911,Jayanagar,3BHK,2188,2025-02-24,https://img.youtube.com/vi/dummy073/hqdefault.jpg,"12.967556,77.674737",6TOusZsEbQo,Plot
https://www.youtube.com/watch?v=dummy074,22345245,Koramangala,1BHK,2224,2025-03-21,https://img.youtube.com/vi/dummy074/hqdefault.jpg,"12.832187,77.626315",6TOusZsEbQo,house
https://www.youtube.com/watch?v=dummy075,20484054,Indiranagar,1BHK,509,2025-03-08,https://img.youtube.com/vi/dummy075/hqdefault.jpg,"12.978403,77.540303",6TOusZsEbQo,Plot
https://www.youtube.com/watch?v=dummy076,17745818,HSR Layout,3BHK,894,2025-04-03,https://img.youtube.com/vi/dummy076/hqdefault.jpg,"12.995534,77.629614",6TOusZsEbQo,apartment
https://www.youtube.com/watch?v=dummy077,5288211,HSR Layout,1BHK,2466,2025-04-26,https://img.youtube.com/vi/dummy077/hqdefault.jpg,"12.830500,77.511652",6TOusZsEbQo,Plot
https://www.youtube.com/watch?v=dummy078,7374593,Indiranagar,3BHK,1803,2025-04-22,https://img.youtube.com/vi/dummy078/hqdefault.jpg,"12.984502,77.618304",6TOusZsEbQo,house
https://www.youtube.com/watch?v=dummy079,5242142,Whitefield,1BHK,714,2024-12-20,https://img.youtube.com/vi/dummy079/hqdefault.jpg,"12.934899,77.612172",6TOusZsEbQo,Plot
https://www.youtube.com/watch?v=dummy080,21707242,Hebbal,1BHK,1856,2025-01-31,https://img.youtube.com/vi/dummy080/hqdefault.jpg,"12.888201,77.502571",6TOusZsEbQo,Plot
https://www.youtube.com/watch?v=dummy081,18435548,Whitefield,1BHK,1414,2025-03-21,https://img.youtube.com/vi/dummy081/hqdefault.jpg,"12.941437,77.588551",6TOusZsEbQo,Plot
https://www.youtube.com/watch?v=dummy082,18774538,Koramangala,1BHK,1691,2025-01-12,https://img.youtube.com/vi/dummy082/hqdefault.jpg,"12.848560,77.737106",6TOusZsEbQo,Plot
https://www.youtube.com/watch?v=dummy083,10492875,Whitefield,1BHK,2249,2025-01-31,https://img.youtube.com/vi/dummy083/hqdefault.jpg,"13.049369,77.792747",6TOusZsEbQo,Plot
https://www.youtube.com/watch?v=dummy084,21943393,HSR Layout,1BHK,574,2025-03-18,https://img.youtube.com/vi/dummy084/hqdefault.jpg,"12.983135,77.667068",6TOusZsEbQo,Plot
https://www.youtube.com/watch?v=dummy085,20677139,Jayanagar,2BHK,2224,2024-12-11,https://img.youtube.com/vi/dummy085/hqdefault.jpg,"12.826692,77.499054",6TOusZsEbQo,Plot
https://www.youtube.com/watch?v=dummy086,8490767,Koramangala,2BHK,1605,2025-05-27,https://img.youtube.com/vi/dummy086/hqdefault.jpg,"12.826499,77.636483",6TOusZsEbQo,Plot
https://www.youtube.com/watch?v=dummy087,24350332,Jayanagar,3BHK,2319,2025-05-18,https://img.youtube.com/vi/dummy087/hqdefault.jpg,"12.818876,77.790107",6TOusZsEbQo,Plot
https://www.youtube.com/watch?v=dummy088,5102427,Jayanagar,3BHK,952,2024-12-17,https://img.youtube.com/vi/dummy088/hqdefault.jpg,"12.955695,77.684584",6TOusZsEbQo,apartment
https://www.youtube.com/watch?v=dummy089,15032863,Jayanagar,2BHK,614,2025-01-25,https://img.youtube.com/vi/dummy089/hqdefault.jpg,"13.040736,77.721126",6TOusZsEbQo,apartment
https://www.youtube.com/watch?v=dummy090,23315344,Jayanagar,1BHK,861,2025-02-15,https://img.youtube.com/vi/dummy090/hqdefault.jpg,"13.080787,77.784788",6TOusZsEbQo,Plot
https://www.youtube.com/watch?v=dummy091,23681566,Koramangala,1BHK,1343,2025-01-13,https://img.youtube.com/vi/dummy091/hqdefault.jpg,"13.038351,77.584287",6TOusZsEbQo,Plot
https://www.youtube.com/watch?v=dummy092,11857438,Hebbal,1BHK,695,2025-03-26,https://img.youtube.com/vi/dummy092/hqdefault.jpg,"13.008421,77.789479",6TOusZsEbQo,house
https://www.youtube.com/watch?v=dummy093,22146682,HSR Layout,2BHK,2414,2025-04-23,https://img.youtube.com/vi/dummy093/hqdefault.jpg,"12.959062,77.658809",6TOusZsEbQo,house
https://www.youtube.com/watch?v=dummy094,20212831,Indiranagar,3BHK,944,2025-05-26,https://img.youtube.com/vi/dummy094/hqdefault.jpg,"13.023982,77.553651",6TOusZsEbQo,apartment
https://www.youtube.com/watch?v=dummy095,23304259,Indiranagar,2BHK,507,2025-04-23,https://img.youtube.com/vi/dummy095/hqdefault.jpg,"13.017089,77.650665",6TOusZsEbQo,house
https://www.youtube.com/watch?v=dummy096,19939742,Koramangala,1BHK,587,2025-05-28,https://img.youtube.com/vi/dummy096/hqdefault.jpg,"13.011569,77.555467",6TOusZsEbQo,house
https://www.youtube.com/watch?v=dummy097,7515923,Indiranagar,3BHK,1302,2025-04-20,https://img.youtube.com/vi/dummy097/hqdefault.jpg,"12.933279,77.706237",6TOusZsEbQo,Plot
https://www.youtube.com/watch?v=dummy098,10107951,Jayanagar,1BHK,961,2025-02-25,https://img.youtube.com/vi/dummy098/hqdefault.jpg,"12.827278,77.615272",6TOusZsEbQo,house
https://www.youtube.com/watch?v=dummy099,8051970,Koramangala,3BHK,2230,2025-05-09,https://img.youtube.com/vi/dummy099/hqdefault.jpg,"12.987470,77.769278",6TOusZsEbQo,house
https://www.youtube.com/watch?v=dummy100,18285433,Hebbal,1BHK,1757,2025-05-26,https://img.youtube.com/vi/dummy100/hqdefault.jpg,"12.896347,77.603704",6TOusZsEbQo,house
https://www.youtube.com/watch?v=dummy101,4811402,Whitefield,1BHK,2106,2024-12-08,https://img.youtube.com/vi/dummy101/hqdefault.jpg,"12.964673,77.592676",6TOusZsEbQo,apartment
https://www.youtube.com/watch?v=dummy102,16069064,Hebbal,3BHK,1021,2025-05-28,https://img.youtube.com/vi/dummy102/hqdefault.jpg,"13.098312,77.650560",6TOusZsEbQo,house
https://www.youtube.com/watch?v=dummy103,17406895,Whitefield,2BHK,2382,2025-05-30,https://img.youtube.com/vi/dummy103/hqdefault.jpg,"12.839316,77.685977",6TOusZsEbQo,Plot
https://www.youtube.com/watch?v=dummy104,12500000,Whitefield,2BHK,1350,2024-03-28,https://img.youtube.com/vi/dummy104/hqdefault.jpg,"12.972147,77.748084",6TOusZsEbQo,apartment
https://www.youtube.com/watch?v=dummy105,21000000,Richmond Town,4BHK,2200,2024-03-28,https://img.youtube.com/vi/dummy105/hqdefault.jpg,"12.967321,77.606507",6TOusZsEbQo,house
https://www.youtube.com/watch?v=dummy106,15227875,Indiranagar,3BHK,1750,2024-03-25,https://img.youtube.com/vi/dummy106/hqdefault.jpg,"12.970854,77.646099",6TOusZsEbQo,Plot
https://www.youtube.com/watch?v=dummy107,9381990,Koramangala,2BHK,1200,2024-03-26,https://img.youtube.com/vi/dummy107/hqdefault.jpg,"12.935926,77.621201",6TOusZsEbQo,house
https://www.youtube.com/watch?v=dummy108,18500000,HSR Layout,3BHK,1800,2024-03-25,https://img.youtube.com/vi/dummy108/hqdefault.jpg,"12.908831,77.649056",6TOusZsEbQo,house
https://www.youtube.com/watch?v=dummy109,13187499,Indiranagar,2BHK,2193,2025-03-25,https://img.youtube.com/vi/dummy109/hqdefault.jpg,"13.032917,77.555851",6TOusZsEbQo,house
https://www.youtube.com/watch?v=dummy110,9337951,HSR Layout,1BHK,1632,2024-12-26,https://img.youtube.com/vi/dummy110/hqdefault.jpg,"13.014022,77.622792",6TOusZsEbQo,apartment
https://www.youtube.com/watch?v=dummy111,14797526,Jayanagar,3BHK,1621,2025-02-21,https://img.youtube.com/vi/dummy111/hqdefault.jpg,"12.851739,77.624103",6TOusZsEbQo,house
https://www.youtube.com/watch?v=dummy112,13246390,Indiranagar,3BHK,1521,2025-06-03,https://img.youtube.com/vi/dummy112/hqdefault.jpg,"12.908714,77.765566",6TOusZsEbQo,house
https://www.youtube.com/watch?v=dummy113,21645999,Electronic City,2BHK,1091,2025-04-09,https://img.youtube.com/vi/dummy113/hqdefault.jpg,"12.848058,77.540872",6TOusZsEbQo,apartment
https://www.youtube.com/watch?v=dummy114,7920705,Whitefield,2BHK,2485,2025-04-08,https://img.youtube.com/vi/dummy114/hqdefault.jpg,"13.002488,77.707794",6TOusZsEbQo,apartment
https://www.youtube.com/watch?v=dummy115,15292049,Hebbal,3BHK,1638,2025-01-18,https://img.youtube.com/vi/dummy115/hqdefault.jpg,"12.847772,77.621638",6TOusZsEbQo,apartment
https://www.youtube.com/watch?v=dummy116,23443202,Electronic City,1BHK,825,2025-05-11,https://img.youtube.com/vi/dummy116/hqdefault.jpg,"12.951369,77.779671",6TOusZsEbQo,house
https://www.youtube.com/watch?v=dummy117,7678500,Indiranagar,2BHK,522,2025-03-28,https://img.youtube.com/vi/dummy117/hqdefault.jpg,"12.974388,77.642239",6TOusZsEbQo,Plot
https://www.youtube.com/watch?v=dummy118,24397625,Whitefield,2BHK,1224,2025-05-23,https://img.youtube.com/vi/dummy118/hqdefault.jpg,"12.978310,77.732528",6TOusZsEbQo,Plot
https://www.youtube.com/watch?v=dummy119,10297504,Koramangala,1BHK,2136,2025-03-16,https://img.youtube.com/vi/dummy119/hqdefault.jpg,"12.931302,77.621151",6TOusZsEbQo,Plot
https://www.youtube.com/watch?v=dummy120,24472209,Whitefield,3BHK,814,2025-03-05,https://img.youtube.com/vi/dummy120/hqdefault.jpg,"12.980049,77.735316",6TOusZsEbQo,house
https://www.youtube.com/watch?v=dummy121,11533783,Jayanagar,2BHK,631,2025-04-08,https://img.youtube.com/vi/dummy121/hqdefault.jpg,"12.932730,77.585956",6TOusZsEbQo,apartment
https://www.youtube.com/watch?v=dummy122,22788973,Electronic City,2BHK,2308,2025-04-08,https://img.youtube.com/vi/dummy122/hqdefault.jpg,"12.890613,77.732031",6TOusZsEbQo,house
https://www.youtube.com/watch?v=dummy123,16711765,Electronic City,2BHK,1812,2024-12-25,https://img.youtube.com/vi/dummy123/hqdefault.jpg,"12.907090,77.519097",6TOusZsEbQo,Plot
https://www.youtube.com/watch?v=dummy124,17064050,Electronic City,3BHK,1578,2025-01-17,https://img.youtube.com/vi/dummy124/hqdefault.jpg,"12.969709,77.631916",6TOusZsEbQo,Plot
https://www.youtube.com/watch?v=dummy125,11983037,Hebbal,3BHK,2271,2025-01-09,https://img.youtube.com/vi/dummy125/hqdefault.jpg,"12.803914,77.604875",6TOusZsEbQo,house
https://www.youtube.com/watch?v=dummy126,11924911,Jayanagar,3BHK,2188,2025-02-24,https://img.youtube.com/vi/dummy126/hqdefault.jpg,"12.970327,77.675819",6TOusZsEbQo,Plot
https://www.youtube.com/watch?v=dummy127,22345245,Koramangala,1BHK,2224,2025-03-21,https://img.youtube.com/vi/dummy127/hqdefault.jpg,"12.829544,77.625307",6TOusZsEbQo,apartment
https://www.youtube.com/watch?v=dummy128,20484054,Indiranagar,1BHK,509,2025-03-08,https://img.youtube.com/vi/dummy128/hqdefault.jpg,"12.981286,77.538922",6TOusZsEbQo,Plot
https://www.youtube.com/watch?v=dummy129,17745818,HSR Layout,3BHK,894,2025-04-03,https://img.youtube.com/vi/dummy129/hqdefault.jpg,"12.997844,77.626343",6TOusZsEbQo,apartment
https://www.youtube.com/watch?v=dummy130,5288211,HSR Layout,1BHK,2466,2025-04-26,https://img.youtube.com/vi/dummy130/hqdefault.jpg,"12.825203,77.510804",6TOusZsEbQo,Plot
https://www.youtube.com/watch?v=dummy131,7374593,Indiranagar,3BHK,1803,2025-04-22,https://img.youtube.com/vi/dummy131/hqdefault.jpg,"12.988804,77.622583",6TOusZsEbQo,Plot
https://www.youtube.com/watch?v=dummy132,5242142,Whitefield,1BHK,714,2024-12-20,https://img.youtube.com/vi/dummy132/hqdefault.jpg,"12.938055,77.611981",6TOusZsEbQo,Plot
https://www.youtube.com/watch?v=dummy133,21707242,Hebbal,1BHK,1856,2025-01-31,https://img.youtube.com/vi/dummy133/hqdefault.jpg,"12.889932,77.505351",6TOusZsEbQo,Plot
https://www.youtube.com/watch?v=dummy134,18435548,Whitefield,1BHK,1414,2025-03-21,https://img.youtube.com/vi/dummy134/hqdefault.jpg,"12.945515,77.588887",6TOusZsEbQo,Plot
https://www.youtube.com/watch?v=dummy135,18774538,Koramangala,1BHK,1691,2025-01-12,https://img.youtube.com/vi/dummy135/hqdefault.jpg,"12.849898,77.732760",6TOusZsEbQo,Plot
https://www.youtube.com/watch?v=dummy136,10492875,Whitefield,1BHK,2249,2025-01-31,https://img.youtube.com/vi/dummy136/hqdefault.jpg,"13.044290,77.790927",6TOusZsEbQo,house
https://www.youtube.com/watch?v=dummy137,21943393,HSR Layout,1BHK,574,2025-03-18,https://img.youtube.com/vi/dummy137/hqdefault.jpg,"12.979270,77.670078",6TOusZsEbQo,house
https://www.youtube.com/watch?v=dummy138,20677139,Jayanagar,2BHK,2224,2024-12-11,https://img.youtube.com/vi/dummy138/hqdefault.jpg,"12.822366,77.502915",6TOusZsEbQo,Plot
https://www.youtube.com/watch?v=dummy139,8490767,Koramangala,2BHK,1605,2025-05-27,https://img.youtube.com/vi/dummy139/hqdefault.jpg,"12.828218,77.640323",6TOusZsEbQo,house
https://www.youtube.com/watch?v=dummy140,24350332,Jayanagar,3BHK,2319,2025-05-18,https://img.youtube.com/vi/dummy140/hqdefault.jpg,"12.824964,77.788850",6TOusZsEbQo,house
https://www.youtube.com/watch?v=dummy141,5102427,Jayanagar,3BHK,952,2024-12-17,https://img.youtube.com/vi/dummy141/hqdefault.jpg,"12.953678,77.682389",6TOusZsEbQo,Plot
https://www.youtube.com/watch?v=dummy142,15032863,Jayanagar,2BHK,614,2025-01-25,https://img.youtube.com/vi/dummy142/hqdefault.jpg,"13.037992,77.721100",6TOusZsEbQo,Plot
https://www.youtube.com/watch?v=dummy143,23315344,Jayanagar,1BHK,861,2025-02-15,https://img.youtube.com/vi/dummy143/hqdefault.jpg,"13.086236,77.787955",6TOusZsEbQo,house
https://www.youtube.com/watch?v=dummy144,23681566,Koramangala,1BHK,1343,2025-01-13,https://img.youtube.com/vi/dummy144/hqdefault.jpg,"13.033010,77.581189",6TOusZsEbQo,Plot
https://www.youtube.com/watch?v=dummy145,11857438,Hebbal,1BHK,695,2025-03-26,https://img.youtube.com/vi/dummy145/hqdefault.jpg,"13.012849,77.787188",6TOusZsEbQo,apartment
https://www.youtube.com/watch?v=dummy146,22146682,HSR Layout,2BHK,2414,2025-04-23,https://img.youtube.com/vi/dummy146/hqdefault.jpg,"12.955953,77.661155",6TOusZsEbQo,apartment
https://www.youtube.com/watch?v=dummy147,20212831,Indiranagar,3BHK,944,2025-05-26,https://img.youtube.com/vi/dummy147/hqdefault.jpg,"13.025535,77.558726",6TOusZsEbQo,Plot
https://www.youtube.com/watch?v=dummy148,23304259,Indiranagar,2BHK,507,2025-04-23,https://img.youtube.com/vi/dummy148/hqdefault.jpg,"13.020037,77.650700",6TOusZsEbQo,house
https://www.youtube.com/watch?v=dummy149,19939742,Koramangala,1BHK,587,2025-05-28,https://img.youtube.com/vi/dummy149/hqdefault.jpg,"13.012489,77.552609",6TOusZsEbQo,Plot
https://www.youtube.com/watch?v=dummy150,7515923,Indiranagar,3BHK,1302,2025-04-20,https://img.youtube.com/vi/dummy150/hqdefault.jpg,"12.930040,77.705279",6TOusZsEbQo,Plot
https://www.youtube.com/watch?v=dummy151,10107951,Jayanagar,1BHK,961,2025-02-25,https://img.youtube.com/vi/dummy151/hqdefault.jpg,"12.828065,77.618682",6TOusZsEbQo,apartment
https://www.youtube.com/watch?v=dummy152,8051970,Koramangala,3BHK,2230,2025-05-09,https://img.youtube.com/vi/dummy152/hqdefault.jpg,"12.990455,77.768734",6TOusZsEbQo,Plot
https://www.youtube.com/watch?v=dummy153,18285433,Hebbal,1BHK,1757,2025-05-26,https://img.youtube.com/vi/dummy153/hqdefault.jpg,"12.899561,77.608868",6TOusZsEbQo,apartment
https://www.youtube.com/watch?v=dummy154,4811402,Whitefield,1BHK,2106,2024-12-08,https://img.youtube.com/vi/dummy154/hqdefault.jpg,"12.969539,77.590683",6TOusZsEbQo,Plot
https://www.youtube.com/watch?v=dummy155,16069064,Hebbal,3BHK,1021,2025-05-28,https://img.youtube.com/vi/dummy155/hqdefault.jpg,"13.093192,77.651679",6TOusZsEbQo,apartment
https://www.youtube.com/watch?v=dummy156,17406895,Whitefield,2BHK,2382,2025-05-30,https://img.youtube.com/vi/dummy156/hqdefault.jpg,"12.834497,77.690156",6TOusZsEbQo,Plot
https://www.youtube.com/watch?v=dummy157,12500000,Whitefield,2BHK,1350,2024-03-28,https://img.youtube.com/vi/dummy157/hqdefault.jpg,"12.967349,77.748460",6TOusZsEbQo,Plot
https://www.youtube.com/watch?v=dummy158,21000000,Richmond Town,4BHK,2200,2024-03-28,https://img.youtube.com/vi/dummy158/hqdefault.jpg,"12.963695,77.609289",6TOusZsEbQo,Plot
https://www.youtube.com/watch?v=dummy159,15227875,Indiranagar,3BHK,1750,2024-03-25,https://img.youtube.com/vi/dummy159/hqdefault.jpg,"12.967044,77.649558",6TOusZsEbQo,Plot
https://www.youtube.com/watch?v=dummy160,9381990,Koramangala,2BHK,1200,2024-03-26,https://img.youtube.com/vi/dummy160/hqdefault.jpg,"12.932225,77.618441",6TOusZsEbQo,Plot
https://www.youtube.com/watch?v=dummy161,18500000,HSR Layout,3BHK,1800,2024-03-25,https://img.youtube.com/vi/dummy161/hqdefault.jpg,"12.915603,77.652551",6TOusZsEbQo,Plot
https://www.youtube.com/watch?v=dummy162,13187499,Indiranagar,2BHK,2193,2025-03-25,https://img.youtube.com/vi/dummy162/hqdefault.jpg,"13.037047,77.557627",6TOusZsEbQo,apartment
https://www.youtube.com/watch?v=dummy163,9337951,HSR Layout,1BHK,1632,2024-12-26,https://img.youtube.com/vi/dummy163/hqdefault.jpg,"13.008676,77.620538",6TOusZsEbQo,Plot
https://www.youtube.com/watch?v=dummy164,14797526,Jayanagar,3BHK,1621,2025-02-21,https://img.youtube.com/vi/dummy164/hqdefault.jpg,"12.854095,77.627277",6TOusZsEbQo,house
https://www.youtube.com/watch?v=dummy165,13246390,Indiranagar,3BHK,1521,2025-06-03,https://img.youtube.com/vi/dummy165/hqdefault.jpg,"12.903657,77.768093",6TOusZsEbQo,Plot
https://www.youtube.com/watch?v=dummy166,21645999,Electronic City,2BHK,1091,2025-04-09,https://img.youtube.com/vi/dummy166/hqdefault.jpg,"12.842236,77.540522",6TOusZsEbQo,apartment
https://www.youtube.com/watch?v=dummy167,7920705,Whitefield,2BHK,2485,2025-04-08,https://img.youtube.com/vi/dummy167/hqdefault.jpg,"12.999067,77.706613",6TOusZsEbQo,apartment
https://www.youtube.com/watch?v=dummy168,15292049,Hebbal,3BHK,1638,2025-01-18,https://img.youtube.com/vi/dummy168/hqdefault.jpg,"12.849044,77.622808",6TOusZsEbQo,house
https://www.youtube.com/watch?v=dummy169,23443202,Electronic City,1BHK,825,2025-05-11,https://img.youtube.com/vi/dummy169/hqdefault.jpg,"12.952977,77.782070",6TOusZsEbQo,apartment
https://www.youtube.com/watch?v=dummy170,7678500,Indiranagar,2BHK,522,2025-03-28,https://img.youtube.com/vi/dummy170/hqdefault.jpg,"12.977100,77.642988",6TOusZsEbQo,apartment
https://www.youtube.com/watch?v=dummy171,24397625,Whitefield,2BHK,1224,2025-05-23,https://img.youtube.com/vi/dummy171/hqdefault.jpg,"12.979501,77.738066",6TOusZsEbQo,house
https://www.youtube.com/watch?v=dummy172,10297504,Koramangala,1BHK,2136,2025-03-16,https://img.youtube.com/vi/dummy172/hqdefault.jpg,"12.928421,77.621680",6TOusZsEbQo,apartment
https://www.youtube.com/watch?v=dummy173,24472209,Whitefield,3BHK,814,2025-03-05,https://img.youtube.com/vi/dummy173/hqdefault.jpg,"12.980532,77.730855",6TOusZsEbQo,apartment
https://www.youtube.com/watch?v=dummy174,11533783,Jayanagar,2BHK,631,2025-04-08,https://img.youtube.com/vi/dummy174/hqdefault.jpg,"12.935991,77.582007",6TOusZsEbQo,house
https://www.youtube.com/watch?v=dummy175,22788973,Electronic City,2BHK,2308,2025-04-08,https://img.youtube.com/vi/dummy175/hqdefault.jpg,"12.892932,77.734968",6TOusZsEbQo,Plot
https://www.youtube.com/watch?v=dummy176,16711765,Electronic City,2BHK,1812,2024-12-25,https://img.youtube.com/vi/dummy176/hqdefault.jpg,"12.903821,77.514848",6TOusZsEbQo,apartment
https://www.youtube.com/watch?v=dummy177,17064050,Electronic City,3BHK,1578,2025-01-17,https://img.youtube.com/vi/dummy177/hqdefault.jpg,"12.961713,77.627984",6TOusZsEbQo,apartment
https://www.youtube.com/watch?v=dummy178,11983037,Hebbal,3BHK,2271,2025-01-09,https://img.youtube.com/vi/dummy178/hqdefault.jpg,"12.804696,77.609391",6TOusZsEbQo,Plot
https://www.youtube.com/watch?v=dummy179,11924911,Jayanagar,3BHK,2188,2025-02-24,https://img.youtube.com/vi/dummy179/hqdefault.jpg,"12.963597,77.670877",6TOusZsEbQo,house
https://www.youtube.com/watch?v=dummy180,22345245,Koramangala,1BHK,2224,2025-03-21,https://img.youtube.com/vi/dummy180/hqdefault.jpg,"12.829842,77.628473",6TOusZsEbQo,apartment
https://www.youtube.com/watch?v=dummy181,20484054,Indiranagar,1BHK,509,2025-03-08,https://img.youtube.com/vi/dummy181/hqdefault.jpg,"12.979058,77.543046",6TOusZsEbQo,apartment
https://www.youtube.com/watch?v=dummy182,17745818,HSR Layout,3BHK,894,2025-04-03,https://img.youtube.com/vi/dummy182/hqdefault.jpg,"13.001453,77.630168",6TOusZsEbQo,house
https://www.youtube.com/watch?v=dummy183,5288211,HSR Layout,1BHK,2466,2025-04-26,https://img.youtube.com/vi/dummy183/hqdefault.jpg,"12.827311,77.512583",6TOusZsEbQo,Plot
https://www.youtube.com/watch?v=dummy184,7374593,Indiranagar,3BHK,1803,2025-04-22,https://img.youtube.com/vi/dummy184/hqdefault.jpg,"12.983233,77.620749",6TOusZsEbQo,house
https://www.youtube.com/watch?v=dummy185,5242142,Whitefield,1BHK,714,2024-12-20,https://img.youtube.com/vi/dummy185/hqdefault.jpg,"12.930349,77.611718",6TOusZsEbQo,Plot
https://www.youtube.com/watch?v=dummy186,21707242,Hebbal,1BHK,1856,2025-01-31,https://img.youtube.com/vi/dummy186/hqdefault.jpg,"12.886997,77.500031",6TOusZsEbQo,apartment
https://www.youtube.com/watch?v=dummy187,18435548,Whitefield,1BHK,1414,2025-03-21,https://img.youtube.com/vi/dummy187/hqdefault.jpg,"12.940038,77.591178",6TOusZsEbQo,Plot
https://www.youtube.com/watch?v=dummy188,18774538,Koramangala,1BHK,1691,2025-01-12,https://img.youtube.com/vi/dummy188/hqdefault.jpg,"12.846314,77.731575",6TOusZsEbQo,house
https://www.youtube.com/watch?v=dummy189,10492875,Whitefield,1BHK,2249,2025-01-31,https://img.youtube.com/vi/dummy189/hqdefault.jpg,"13.044217,77.793850",6TOusZsEbQo,apartment
https://www.youtube.com/watch?v=dummy190,21943393,HSR Layout,1BHK,574,2025-03-18,https://img.youtube.com/vi/dummy190/hqdefault.jpg,"12.985194,77.669291",6TOusZsEbQo,house
https://www.youtube.com/watch?v=dummy191,20677139,Jayanagar,2BHK,2224,2024-12-11,https://img.youtube.com/vi/dummy191/hqdefault.jpg,"12.824064,77.505265",6TOusZsEbQo,apartment
https://www.youtube.com/watch?v=dummy192,8490767,Koramangala,2BHK,1605,2025-05-27,https://img.youtube.com/vi/dummy192/hqdefault.jpg,"12.824027,77.642841",6TOusZsEbQo,apartment
https://www.youtube.com/watch?v=dummy193,24350332,Jayanagar,3BHK,2319,2025-05-18,https://img.youtube.com/vi/dummy193/hqdefault.jpg,"12.823155,77.791343",6TOusZsEbQo,house
https://www.youtube.com/watch?v=dummy194,5102427,Jayanagar,3BHK,952,2024-12-17,https://img.youtube.com/vi/dummy194/hqdefault.jpg,"12.954879,77.679410",6TOusZsEbQo,apartment
https://www.youtube.com/watch?v=dummy195,15032863,Jayanagar,2BHK,614,2025-01-25,https://img.youtube.com/vi/dummy195/hqdefault.jpg,"13.035636,77.719435",6TOusZsEbQo,apartment
https://www.youtube.com/watch?v=dummy196,23315344,Jayanagar,1BHK,861,2025-02-15,https://img.youtube.com/vi/dummy196/hqdefault.jpg,"13.084579,77.784203",6TOusZsEbQo,apartment
https://www.youtube.com/watch?v=dummy197,23681566,Koramangala,1BHK,1343,2025-01-13,https://img.youtube.com/vi/dummy197/hqdefault.jpg,"13.034243,77.584949",6TOusZsEbQo,apartment
https://www.youtube.com/watch?v=dummy198,11857438,Hebbal,1BHK,695,2025-03-26,https://img.youtube.com/vi/dummy198/hqdefault.jpg,"13.014240,77.784465",6TOusZsEbQo,house
https://www.youtube.com/watch?v=dummy199,22146682,HSR Layout,2BHK,2414,2025-04-23,https://img.youtube.com/vi/dummy199/hqdefault.jpg,"12.961520,77.663249",6TOusZsEbQo,house
https://www.youtube.com/watch?v=dummy200,20212831,Indiranagar,3BHK,944,2025-05-26,https://img.youtube.com/vi/dummy200/hqdefault.jpg,"13.020569,77.558816",6TOusZsEbQo,apartment
https://www.youtube.com/watch?v=dummy201,23304259,Indiranagar,2BHK,507,2025-04-23,https://img.youtube.com/vi/dummy201/hqdefault.jpg,"13.019717,77.655728",6TOusZsEbQo,Plot
https://www.youtube.com/watch?v=dummy202,19939742,Koramangala,1BHK,587,2025-05-28,https://img.youtube.com/vi/dummy202/hqdefault.jpg,"13.016738,77.556893",6TOusZsEbQo,house
https://www.youtube.com/watch?v=dummy203,7515923,Indiranagar,3BHK,1302,2025-04-20,https://img.youtube.com/vi/dummy203/hqdefault.jpg,"12.929505,77.708257",6TOusZsEbQo,house
https://www.youtube.com/watch?v=dummy204,10107951,Jayanagar,1BHK,961,2025-02-25,https://img.youtube.com/vi/dummy204/hqdefault.jpg,"12.822086,77.613022",6TOusZsEbQo,Plot
https://www.youtube.com/watch?v=dummy205,8051970,Koramangala,3BHK,2230,2025-05-09,https://img.youtube.com/vi/dummy205/hqdefault.jpg,"12.989162,77.765816",6TOusZsEbQo,house
https://www.youtube.com/watch?v=dummy206,18285433,Hebbal,1BHK,1757,2025-05-26,https://img.youtube.com/vi/dummy206/hqdefault.jpg,"12.894265,77.605550",6TOusZsEbQo,house
https://www.youtube.com/watch?v=dummy207,4811402,Whitefield,1BHK,2106,2024-12-08,https://img.youtube.com/vi/dummy207/hqdefault.jpg,"12.972619,77.588508",6TOusZsEbQo,house
https://www.youtube.com/watch?v=dummy208,16069064,Hebbal,3BHK,1021,2025-05-28,https://img.youtube.com/vi/dummy208/hqdefault.jpg,"13.096168,77.646475",6TOusZsEbQo,apartment
https://www.youtube.com/watch?v=dummy209,17406895,Whitefield,2BHK,2382,2025-05-30,https://img.youtube.com/vi/dummy209/hqdefault.jpg,"12.838102,77.690927",6TOusZsEbQo,house
https://www.youtube.com/watch?v=dummy210,12500000,Whitefield,2BHK,1350,2024-03-28,https://img.youtube.com/vi/dummy210/hqdefault.jpg,"12.970791,77.752652",6TOusZsEbQo,apartment
https://www.youtube.com/watch?v=dummy211,21000000,Richmond Town,4BHK,2200,2024-03-28,https://img.youtube.com/vi/dummy211/hqdefault.jpg,"12.970330,77.606322",6TOusZsEbQo,apartment
https://www.youtube.com/watch?v=dummy212,15227875,Indiranagar,3BHK,1750,2024-03-25,https://img.youtube.com/vi/dummy212/hqdefault.jpg,"12.970499,77.652486",6TOusZsEbQo,Plot
https://www.youtube.com/watch?v=dummy213,9381990,Koramangala,2BHK,1200,2024-03-26,https://img.youtube.com/vi/dummy213/hqdefault.jpg,"12.935318,77.618504",6TOusZsEbQo,Plot
https://www.youtube.com/watch?v=dummy214,18500000,HSR Layout,3BHK,1800,2024-03-25,https://img.youtube.com/vi/dummy214/hqdefault.jpg,"12.914680,77.655428",6TOusZsEbQo,house
https://www.youtube.com/watch?v=dummy215,13187499,Indiranagar,2BHK,2193,2025-03-25,https://img.youtube.com/vi/dummy215/hqdefault.jpg,"13.033449,77.552786",6TOusZsEbQo,Plot
https://www.youtube.com/watch?v=dummy216,9337951,HSR Layout,1BHK,1632,2024-12-26,https://img.youtube.com/vi/dummy216/hqdefault.jpg,"13.011423,77.624292",6TOusZsEbQo,house
https://www.youtube.com/watch?v=dummy217,14797526,Jayanagar,3BHK,1621,2025-02-21,https://img.youtube.com/vi/dummy217/hqdefault.jpg,"12.855233,77.624310",6TOusZsEbQo,house
https://www.youtube.com/watch?v=dummy218,13246390,Indiranagar,3BHK,1521,2025-06-03,https://img.youtube.com/vi/dummy218/hqdefault.jpg,"12.905685,77.762745",6TOusZsEbQo,apartment
https://www.youtube.com/watch?v=dummy219,21645999,Electronic City,2BHK,1091,2025-04-09,https://img.youtube.com/vi/dummy219/hqdefault.jpg,"12.840573,77.542834",6TOusZsEbQo,house
https://www.youtube.com/watch?v=dummy220,7920705,Whitefield,2BHK,2485,2025-04-08,https://img.youtube.com/vi/dummy220/hqdefault.jpg,"13.006409,77.708410",6TOusZsEbQo,apartment
https://www.youtube.com/watch?v=dummy221,15292049,Hebbal,3BHK,1638,2025-01-18,https://img.youtube.com/vi/dummy221/hqdefault.jpg,"12.842240,77.621466",6TOusZsEbQo,Plot
https://www.youtube.com/watch?v=dummy222,23443202,Electronic City,1BHK,825,2025-05-11,https://img.youtube.com/vi/dummy222/hqdefault.jpg,"12.955210,77.783774",6TOusZsEbQo,house
https://www.youtube.com/watch?v=dummy223,7678500,Indiranagar,2BHK,522,2025-03-28,https://img.youtube.com/vi/dummy223/hqdefault.jpg,"12.972940,77.637486",6TOusZsEbQo,Plot
https://www.youtube.com/watch?v=dummy224,24397625,Whitefield,2BHK,1224,2025-05-23,https://img.youtube.com/vi/dummy224/hqdefault.jpg,"12.973184,77.736050",6TOusZsEbQo,house
https://www.youtube.com/watch?v=dummy225,10297504,Koramangala,1BHK,2136,2025-03-16,https://img.youtube.com/vi/dummy225/hqdefault.jpg,"12.934715,77.630175",6TOusZsEbQo,house
https://www.youtube.com/watch?v=dummy226,24472209,Whitefield,3BHK,814,2025-03-05,https://img.youtube.com/vi/dummy226/hqdefault.jpg,"12.976434,77.729888",6TOusZsEbQo,apartment
https://www.youtube.com/watch?v=dummy227,11533783,Jayanagar,2BHK,631,2025-04-08,https://img.youtube.com/vi/dummy227/hqdefault.jpg,"12.935593,77.585869",6TOusZsEbQo,house
https://www.youtube.com/watch?v=dummy228,22788973,Electronic City,2BHK,2308,2025-04-08,https://img.youtube.com/vi/dummy228/hqdefault.jpg,"12.890859,77.726026",6TOusZsEbQo,Plot
https://www.youtube.com/watch?v=dummy229,16711765,Electronic City,2BHK,1812,2024-12-25,https://img.youtube.com/vi/dummy229/hqdefault.jpg,"12.905867,77.512438",6TOusZsEbQo,apartment
https://www.youtube.com/watch?v=dummy230,17064050,Electronic City,3BHK,1578,2025-01-17,https://img.youtube.com/vi/dummy230/hqdefault.jpg,"12.965133,77.628021",6TOusZsEbQo,Plot
https://www.youtube.com/watch?v=dummy231,11983037,Hebbal,3BHK,2271,2025-01-09,https://img.youtube.com/vi/dummy231/hqdefault.jpg,"12.801103,77.610123",6TOusZsEbQo,house
https://www.youtube.com/watch?v=dummy232,11924911,Jayanagar,3BHK,2188,2025-02-24,https://img.youtube.com/vi/dummy232/hqdefault.jpg,"12.969003,77.671884",6TOusZsEbQo,Plot
https://www.youtube.com/watch?v=dummy233,22345245,Koramangala,1BHK,2224,2025-03-21,https://img.youtube.com/vi/dummy233/hqdefault.jpg,"12.832950,77.631985",6TOusZsEbQo,house
https://www.youtube.com/watch?v=dummy234,20484054,Indiranagar,1BHK,509,2025-03-08,https://img.youtube.com/vi/dummy234/hqdefault.jpg,"12.978251,77.534323",6TOusZsEbQo,Plot
https://www.youtube.com/watch?v=dummy235,17745818,HSR Layout,3BHK,894,2025-04-03,https://img.youtube.com/vi/dummy235/hqdefault.jpg,"12.994402,77.625242",6TOusZsEbQo,apartment
https://www.youtube.com/watch?v=dummy236,5288211,HSR Layout,1BHK,2466,2025-04-26,https://img.youtube.com/vi/dummy236/hqdefault.jpg,"12.833375,77.509904",6TOusZsEbQo,house
https://www.youtube.com/watch?v=dummy237,7374593,Indiranagar,3BHK,1803,2025-04-22,https://img.youtube.com/vi/dummy237/hqdefault.jpg,"12.989501,77.618664",6TOusZsEbQo,Plot
https://www.youtube.com/watch?v=dummy238,5242142,Whitefield,1BHK,714,2024-12-20,https://img.youtube.com/vi/dummy238/hqdefault.jpg,"12.935194,77.615518",6TOusZsEbQo,house
https://www.youtube.com/watch?v=dummy239,21707242,Hebbal,1BHK,1856,2025-01-31,https://img.youtube.com/vi/dummy239/hqdefault.jpg,"12.892254,77.498896",6TOusZsEbQo,Plot
https://www.youtube.com/watch?v=dummy240,18435548,Whitefield,1BHK,1414,2025-03-21,https://img.youtube.com/vi/dummy240/hqdefault.jpg,"12.943578,77.583802",6TOusZsEbQo,house
https://www.youtube.com/watch?v=dummy241,18774538,Koramangala,1BHK,1691,2025-01-12,https://img.youtube.com/vi/dummy241/hqdefault.jpg,"12.843738,77.729340",6TOusZsEbQo,apartment
https://www.youtube.com/watch?v=dummy242,10492875,Whitefield,1BHK,2249,2025-01-31,https://img.youtube.com/vi/dummy242/hqdefault.jpg,"13.047110,77.794452",6TOusZsEbQo,house
https://www.youtube.com/watch?v=dummy243,21943393,HSR Layout,1BHK,574,2025-03-18,https://img.youtube.com/vi/dummy243/hqdefault.jpg,"12.976946,77.666364",6TOusZsEbQo,Plot
https://www.youtube.com/watch?v=dummy244,20677139,Jayanagar,2BHK,2224,2024-12-11,https://img.youtube.com/vi/dummy244/hqdefault.jpg,"12.827978,77.501647",6TOusZsEbQo,Plot
https://www.youtube.com/watch?v=dummy245,8490767,Koramangala,2BHK,1605,2025-05-27,https://img.youtube.com/vi/dummy245/hqdefault.jpg,"12.827435,77.643139",6TOusZsEbQo,apartment
https://www.youtube.com/watch?v=dummy246,24350332,Jayanagar,3BHK,2319,2025-05-18,https://img.youtube.com/vi/dummy246/hqdefault.jpg,"12.816798,77.788279",6TOusZsEbQo,house
https://www.youtube.com/watch?v=dummy247,5102427,Jayanagar,3BHK,952,2024-12-17,https://img.youtube.com/vi/dummy247/hqdefault.jpg,"12.957389,77.686982",6TOusZsEbQo,Plot
https://www.youtube.com/watch?v=dummy248,15032863,Jayanagar,2BHK,614,2025-01-25,https://img.youtube.com/vi/dummy248/hqdefault.jpg,"13.037243,77.716947",6TOusZsEbQo,Plot
https://www.youtube.com/watch?v=dummy249,23315344,Jayanagar,1BHK,861,2025-02-15,https://img.youtube.com/vi/dummy249/hqdefault.jpg,"13.080384,77.787987",6TOusZsEbQo,apartment
https://www.youtube.com/watch?v=dummy250,23681566,Koramangala,1BHK,1343,2025-01-13,https://img.youtube.com/vi/dummy250/hqdefault.jpg,"13.034774,77.579027",6TOusZsEbQo,apartment
https://www.youtube.com/watch?v=dummy251,11857438,Hebbal,1BHK,695,2025-03-26,https://img.youtube.com/vi/dummy251/hqdefault.jpg,"13.011343,77.790076",6TOusZsEbQo,apartment
https://www.youtube.com/watch?v=dummy252,22146682,HSR Layout,2BHK,2414,2025-04-23,https://img.youtube.com/vi/dummy252/hqdefault.jpg,"12.962985,77.660911",6TOusZsEbQo,house
https://www.youtube.com/watch?v=dummy253,20212831,Indiranagar,3BHK,944,2025-05-26,https://img.youtube.com/vi/dummy253/hqdefault.jpg,"13.024672,77.561946",6TOusZsEbQo,Plot
https://www.youtube.com/watch?v=dummy254,23304259,Indiranagar,2BHK,507,2025-04-23,https://img.youtube.com/vi/dummy254/hqdefault.jpg,"13.021610,77.653131",6TOusZsEbQo,Plot
https://www.youtube.com/watch?v=dummy255,19939742,Koramangala,1BHK,587,2025-05-28,https://img.youtube.com/vi/dummy255/hqdefault.jpg,"13.028401,77.561257",6TOusZsEbQo,Plot
https://www.youtube.com/watch?v=dummy256,7515923,Indiranagar,3BHK,1302,2025-04-20,https://img.youtube.com/vi/dummy256/hqdefault.jpg,"12.926878,77.707314",6TOusZsEbQo,apartment
https://www.youtube.com/watch?v=dummy257,10107951,Jayanagar,1BHK,961,2025-02-25,https://img.youtube.com/vi/dummy257/hqdefault.jpg,"12.821756,77.609988",6TOusZsEbQo,apartment
https://www.youtube.com/watch?v=dummy258,8051970,Koramangala,3BHK,2230,2025-05-09,https://img.youtube.com/vi/dummy258/hqdefault.jpg,"12.993179,77.768478",6TOusZsEbQo,apartment
https://www.youtube.com/watch?v=dummy259,18285433,Hebbal,1BHK,1757,2025-05-26,https://img.youtube.com/vi/dummy259/hqdefault.jpg,"12.897812,77.601131",6TOusZsEbQo,Plot
https://www.youtube.com/watch?v=dummy260,4811402,Whitefield,1BHK,2106,2024-12-08,https://img.youtube.com/vi/dummy260/hqdefault.jpg,"12.963004,77.590388",6TOusZsEbQo,Plot
https://www.youtube.com/watch?v=dummy261,16069064,Hebbal,3BHK,1021,2025-05-28,https://img.youtube.com/vi/dummy261/hqdefault.jpg,"13.093718,77.645191",6TOusZsEbQo,apartment
https://www.youtube.com/watch?v=dummy262,17406895,Whitefield,2BHK,2382,2025-05-30,https://img.youtube.com/vi/dummy262/hqdefault.jpg,"12.833790,77.687242",6TOusZsEbQo,house
https://www.youtube.com/watch?v=dummy263,12500000,Whitefield,2BHK,1350,2024-03-28,https://img.youtube.com/vi/dummy263/hqdefault.jpg,"12.975541,77.748778",6TOusZsEbQo,house
https://www.youtube.com/watch?v=dummy264,21000000,Richmond Town,4BHK,2200,2024-03-28,https://img.youtube.com/vi/dummy264/hqdefault.jpg,"12.968459,77.611607",6TOusZsEbQo,Plot
https://www.youtube.com/watch?v=dummy265,15227875,Indiranagar,3BHK,1750,2024-03-25,https://img.youtube.com/vi/dummy265/hqdefault.jpg,"12.969495,77.655197",6TOusZsEbQo,apartment
https://www.youtube.com/watch?v=dummy266,9381990,Koramangala,2BHK,1200,2024-03-26,https://img.youtube.com/vi/dummy266/hqdefault.jpg,"12.938172,77.626621",6TOusZsEbQo,house
https://www.youtube.com/watch?v=dummy267,18500000,HSR Layout,3BHK,1800,2024-03-25,https://img.youtube.com/vi/dummy267/hqdefault.jpg,"12.917200,77.647882",6TOusZsEbQo,Plot
https://www.youtube.com/watch?v=dummy268,13187499,Indiranagar,2BHK,2193,2025-03-25,https://img.youtube.com/vi/dummy268/hqdefault.jpg,"13.039401,77.555521",6TOusZsEbQo,house
https://www.youtube.com/watch?v=dummy269,9337951,HSR Layout,1BHK,1632,2024-12-26,https://img.youtube.com/vi/dummy269/hqdefault.jpg,"13.013855,77.619602",6TOusZsEbQo,Plot
https://www.youtube.com/watch?v=dummy270,14797526,Jayanagar,3BHK,1621,2025-02-21,https://img.youtube.com/vi/dummy270/hqdefault.jpg,"12.856945,77.627334",6TOusZsEbQo,house
https://www.youtube.com/watch?v=dummy271,13246390,Indiranagar,3BHK,1521,2025-06-03,https://img.youtube.com/vi/dummy271/hqdefault.jpg,"12.902939,77.763775",6TOusZsEbQo,house
https://www.youtube.com/watch?v=dummy272,21645999,Electronic City,2BHK,1091,2025-04-09,https://img.youtube.com/vi/dummy272/hqdefault.jpg,"12.844832,77.538238",6TOusZsEbQo,house
https://www.youtube.com/watch?v=dummy273,7920705,Whitefield,2BHK,2485,2025-04-08,https://img.youtube.com/vi/dummy273/hqdefault.jpg,"13.003915,77.703284",6TOusZsEbQo,house
https://www.youtube.com/watch?v=dummy274,15292049,Hebbal,3BHK,1638,2025-01-18,https://img.youtube.com/vi/dummy274/hqdefault.jpg,"12.844784,77.620031",6TOusZsEbQo,house
https://www.youtube.com/watch?v=dummy275,23443202,Electronic City,1BHK,825,2025-05-11,https://img.youtube.com/vi/dummy275/hqdefault.jpg,"12.947868,77.781458",6TOusZsEbQo,Plot
https://www.youtube.com/watch?v=dummy276,7678500,Indiranagar,2BHK,522,2025-03-28,https://img.youtube.com/vi/dummy276/hqdefault.jpg,"12.975481,77.636285",6TOusZsEbQo,Plot
https://www.youtube.com/watch?v=dummy277,24397625,Whitefield,2BHK,1224,2025-05-23,https://img.youtube.com/vi/dummy277/hqdefault.jpg,"12.970692,77.738363",6TOusZsEbQo,house
https://www.youtube.com/watch?v=dummy278,10297504,Koramangala,1BHK,2136,2025-03-16,https://img.youtube.com/vi/dummy278/hqdefault.jpg,"12.932927,77.632672",6TOusZsEbQo,apartment
https://www.youtube.com/watch?v=dummy279,24472209,Whitefield,3BHK,814,2025-03-05,https://img.youtube.com/vi/dummy279/hqdefault.jpg,"12.969896,77.733974",6TOusZsEbQo,apartment
https://www.youtube.com/watch?v=dummy280,11533783,Jayanagar,2BHK,631,2025-04-08,https://img.youtube.com/vi/dummy280/hqdefault.jpg,"12.930136,77.584482",6TOusZsEbQo,house
https://www.youtube.com/watch?v=dummy281,22788973,Electronic City,2BHK,2308,2025-04-08,https://img.youtube.com/vi/dummy281/hqdefault.jpg,"12.894595,77.727551",6TOusZsEbQo,Plot
https://www.youtube.com/watch?v=dummy282,16711765,Electronic City,2BHK,1812,2024-12-25,https://img.youtube.com/vi/dummy282/hqdefault.jpg,"12.903502,77.520472",6TOusZsEbQo,Plot
https://www.youtube.com/watch?v=dummy283,17064050,Electronic City,3BHK,1578,2025-01-17,https://img.youtube.com/vi/dummy283/hqdefault.jpg,"12.965012,77.624803",6TOusZsEbQo,house
https://www.youtube.com/watch?v=dummy284,11983037,Hebbal,3BHK,2271,2025-01-09,https://img.youtube.com/vi/dummy284/hqdefault.jpg,"12.798956,77.607064",6TOusZsEbQo,Plot
https://www.youtube.com/watch?v=dummy285,11924911,Jayanagar,3BHK,2188,2025-02-24,https://img.youtube.com/vi/dummy285/hqdefault.jpg,"12.961468,77.672737",6TOusZsEbQo,house
https://www.youtube.com/watch?v=dummy286,22345245,Koramangala,1BHK,2224,2025-03-21,https://img.youtube.com/vi/dummy286/hqdefault.jpg,"12.828404,77.630819",6TOusZsEbQo,apartment
https://www.youtube.com/watch?v=dummy287,20484054,Indiranagar,1BHK,509,2025-03-08,https://img.youtube.com/vi/dummy287/hqdefault.jpg,"12.983958,77.538445",6TOusZsEbQo,apartment
https://www.youtube.com/watch?v=dummy288,17745818,HSR Layout,3BHK,894,2025-04-03,https://img.youtube.com/vi/dummy288/hqdefault.jpg,"12.997979,77.632179",6TOusZsEbQo,house
https://www.youtube.com/watch?v=dummy289,5288211,HSR Layout,1BHK,2466,2025-04-26,https://img.youtube.com/vi/dummy289/hqdefault.jpg,"12.823934,77.508250",6TOusZsEbQo,house
https://www.youtube.com/watch?v=dummy290,7374593,Indiranagar,3BHK,1803,2025-04-22,https://img.youtube.com/vi/dummy290/hqdefault.jpg,"12.984462,77.624063",6TOusZsEbQo,Plot
https://www.youtube.com/watch?v=dummy291,5242142,Whitefield,1BHK,714,2024-12-20,https://img.youtube.com/vi/dummy291/hqdefault.jpg,"12.928947,77.614342",6TOusZsEbQo,apartment
https://www.youtube.com/watch?v=dummy292,21707242,Hebbal,1BHK,1856,2025-01-31,https://img.youtube.com/vi/dummy292/hqdefault.jpg,"12.885260,77.502478",6TOusZsEbQo,apartment
https://www.youtube.com/watch?v=dummy293,18435548,Whitefield,1BHK,1414,2025-03-21,https://img.youtube.com/vi/dummy293/hqdefault.jpg,"12.939385,77.586406",6TOusZsEbQo,apartment
https://www.youtube.com/watch?v=dummy294,18774538,Koramangala,1BHK,1691,2025-01-12,https://img.youtube.com/vi/dummy294/hqdefault.jpg,"12.851253,77.735336",6TOusZsEbQo,apartment
https://www.youtube.com/watch?v=dummy295,10492875,Whitefield,1BHK,2249,2025-01-31,https://img.youtube.com/vi/dummy295/hqdefault.jpg,"13.049076,77.796480",6TOusZsEbQo,apartment
https://www.youtube.com/watch?v=dummy499,21000000,Richmond Town,4BHK,2200,2024-03-28,https://img.youtube.com/vi/dummy499/hqdefault.jpg,"12.963855,77.606003",6TOusZsEbQo,Plot
